idx,value
53,98.84010183637322
70,98.06272626219985
83,99.11960013962299
93,97.5779545744018
